{
  "Performance_v1_R2": 0.9983844807563877,
  "Performance_v2_R2": 0.9885429749375367,
  "Performance_improvement_%": -0.9857430687819762,
  "Injury_v1_R2": 0.9777919217513973,
  "Injury_v2_R2": 0.9397779963189339,
  "Injury_improvement_%": -3.8877315906204033
}